district_id,district,datetime,population,population_diff
0,전체,2021-04-01,9819851.0,-8243.0
0,전체,2021-05-01,9806728.0,-13123.0
0,전체,2021-06-01,9795426.0,-11302.0
0,전체,2021-07-01,9785265.0,-10161.0
0,전체,2021-08-01,9774371.0,-10894.0
0,전체,2021-09-01,9765869.0,-8502.0
0,전체,2021-10-01,9759146.0,-6723.0
0,전체,2021-11-01,9750847.0,-8299.0
0,전체,2021-12-01,9736027.0,-14820.0
0,전체,2022-01-01,9731897.0,-4130.0
0,전체,2022-02-01,9732935.0,1038.0
0,전체,2022-03-01,9732617.0,-318.0
0,전체,2022-04-01,9731236.0,-1381.0
0,전체,2022-05-01,9728414.0,-2822.0
0,전체,2022-06-01,9725417.0,-2997.0
0,전체,2022-07-01,9723253.0,-2164.0
0,전체,2022-08-01,9717242.0,-6011.0
0,전체,2022-09-01,9682126.0,-35116.0
0,전체,2022-10-01,9679250.0,-2876.0
0,전체,2022-11-01,9677339.0,-1911.0
0,전체,2022-12-01,9667669.0,-9670.0
0,전체,2023-01-01,9663777.0,-3892.0
0,전체,2023-02-01,9664666.0,889.0
0,전체,2023-03-01,9668008.0,3342.0
0,전체,2023-04-01,9667463.0,-545.0
0,전체,2023-05-01,9664963.0,-2500.0
0,전체,2023-06-01,9659322.0,-5641.0
0,전체,2023-07-01,9655627.0,-3695.0
0,전체,2023-08-01,9652545.0,-3082.0
0,전체,2023-09-01,9655918.0,3373.0
0,전체,2023-10-01,9651944.0,-3974.0
0,전체,2023-11-01,9645035.0,-6909.0
0,전체,2023-12-01,9638799.0,-6236.0
0,전체,2024-01-01,9636291.0,-2508.0
0,전체,2024-02-01,9633733.0,-2558.0
0,전체,2024-03-01,9635445.0,1712.0
0,전체,2024-04-01,9631107.0,-4338.0
0,전체,2024-05-01,9626152.0,-4955.0
0,전체,2024-06-01,9619861.0,-6291.0
0,전체,2024-07-01,9613267.0,-6594.0
0,전체,2024-08-01,9605602.0,-7665.0
0,전체,2024-09-01,9605419.0,-183.0
0,전체,2024-10-01,9603458.0,-1961.0
0,전체,2024-11-01,9601000.0,-2458.0
0,전체,2024-12-01,9597372.0,-3628.0
0,전체,2025-01-01,9596110.0,-1262.0
0,전체,2025-02-01,9597562.0,1452.0
0,전체,2025-03-01,9602826.0,5264.0
1,강남구,2021-04-01,538352.0,-1186.0
1,강남구,2021-05-01,537024.0,-1328.0
1,강남구,2021-06-01,536107.0,-917.0
1,강남구,2021-07-01,535274.0,-833.0
1,강남구,2021-08-01,537534.0,2260.0
1,강남구,2021-09-01,538075.0,541.0
1,강남구,2021-10-01,538645.0,570.0
1,강남구,2021-11-01,538333.0,-312.0
1,강남구,2021-12-01,537800.0,-533.0
1,강남구,2022-01-01,537975.0,175.0
1,강남구,2022-02-01,538084.0,109.0
1,강남구,2022-03-01,537338.0,-746.0
1,강남구,2022-04-01,536927.0,-411.0
1,강남구,2022-05-01,536656.0,-271.0
1,강남구,2022-06-01,536710.0,54.0
1,강남구,2022-07-01,537133.0,423.0
1,강남구,2022-08-01,537412.0,279.0
1,강남구,2022-09-01,534988.0,-2424.0
1,강남구,2022-10-01,534885.0,-103.0
1,강남구,2022-11-01,534690.0,-195.0
1,강남구,2022-12-01,534103.0,-587.0
1,강남구,2023-01-01,533886.0,-217.0
1,강남구,2023-02-01,534971.0,1085.0
1,강남구,2023-03-01,537817.0,2846.0
1,강남구,2023-04-01,539742.0,1925.0
1,강남구,2023-05-01,540907.0,1165.0
1,강남구,2023-06-01,542327.0,1420.0
1,강남구,2023-07-01,544060.0,1733.0
1,강남구,2023-08-01,545981.0,1921.0
1,강남구,2023-09-01,546291.0,310.0
1,강남구,2023-10-01,546956.0,665.0
1,강남구,2023-11-01,546542.0,-414.0
1,강남구,2023-12-01,550282.0,3740.0
1,강남구,2024-01-01,554620.0,4338.0
1,강남구,2024-02-01,558926.0,4306.0
1,강남구,2024-03-01,559720.0,794.0
1,강남구,2024-04-01,560142.0,422.0
1,강남구,2024-05-01,561453.0,1311.0
1,강남구,2024-06-01,562136.0,683.0
1,강남구,2024-07-01,562755.0,619.0
1,강남구,2024-08-01,564030.0,1275.0
1,강남구,2024-09-01,564280.0,250.0
1,강남구,2024-10-01,564475.0,195.0
1,강남구,2024-11-01,563831.0,-644.0
1,강남구,2024-12-01,563215.0,-616.0
1,강남구,2025-01-01,562987.0,-228.0
1,강남구,2025-02-01,563421.0,434.0
1,강남구,2025-03-01,563189.0,-232.0
2,강동구,2021-04-01,469235.0,420.0
2,강동구,2021-05-01,469356.0,121.0
2,강동구,2021-06-01,469094.0,-262.0
2,강동구,2021-07-01,469052.0,-42.0
2,강동구,2021-08-01,468240.0,-812.0
2,강동구,2021-09-01,467997.0,-243.0
2,강동구,2021-10-01,467588.0,-409.0
2,강동구,2021-11-01,467115.0,-473.0
2,강동구,2021-12-01,466472.0,-643.0
2,강동구,2022-01-01,466269.0,-203.0
2,강동구,2022-02-01,465791.0,-478.0
2,강동구,2022-03-01,465097.0,-694.0
2,강동구,2022-04-01,465071.0,-26.0
2,강동구,2022-05-01,465266.0,195.0
2,강동구,2022-06-01,465496.0,230.0
2,강동구,2022-07-01,465619.0,123.0
2,강동구,2022-08-01,465967.0,348.0
2,강동구,2022-09-01,464490.0,-1477.0
2,강동구,2022-10-01,464324.0,-166.0
2,강동구,2022-11-01,464222.0,-102.0
2,강동구,2022-12-01,464037.0,-185.0
2,강동구,2023-01-01,464159.0,122.0
2,강동구,2023-02-01,464300.0,141.0
2,강동구,2023-03-01,464027.0,-273.0
2,강동구,2023-04-01,463620.0,-407.0
2,강동구,2023-05-01,463338.0,-282.0
2,강동구,2023-06-01,463005.0,-333.0
2,강동구,2023-07-01,462666.0,-339.0
2,강동구,2023-08-01,462472.0,-194.0
2,강동구,2023-09-01,462453.0,-19.0
2,강동구,2023-10-01,462394.0,-59.0
2,강동구,2023-11-01,462957.0,563.0
2,강동구,2023-12-01,463318.0,361.0
2,강동구,2024-01-01,463566.0,248.0
2,강동구,2024-02-01,464688.0,1122.0
2,강동구,2024-03-01,465549.0,861.0
2,강동구,2024-04-01,466117.0,568.0
2,강동구,2024-05-01,466426.0,309.0
2,강동구,2024-06-01,466924.0,498.0
2,강동구,2024-07-01,467902.0,978.0
2,강동구,2024-08-01,469214.0,1312.0
2,강동구,2024-09-01,469464.0,250.0
2,강동구,2024-10-01,470239.0,775.0
2,강동구,2024-11-01,472772.0,2533.0
2,강동구,2024-12-01,481474.0,8702.0
2,강동구,2025-01-01,488875.0,7401.0
2,강동구,2025-02-01,496622.0,7747.0
2,강동구,2025-03-01,500002.0,3380.0
3,강북구,2021-04-01,307080.0,-457.0
3,강북구,2021-05-01,306625.0,-455.0
3,강북구,2021-06-01,306093.0,-532.0
3,강북구,2021-07-01,305523.0,-570.0
3,강북구,2021-08-01,304810.0,-713.0
3,강북구,2021-09-01,304257.0,-553.0
3,강북구,2021-10-01,303633.0,-624.0
3,강북구,2021-11-01,303182.0,-451.0
3,강북구,2021-12-01,302563.0,-619.0
3,강북구,2022-01-01,302111.0,-452.0
3,강북구,2022-02-01,301479.0,-632.0
3,강북구,2022-03-01,300824.0,-655.0
3,강북구,2022-04-01,300454.0,-370.0
3,강북구,2022-05-01,300263.0,-191.0
3,강북구,2022-06-01,300246.0,-17.0
3,강북구,2022-07-01,300081.0,-165.0
3,강북구,2022-08-01,299730.0,-351.0
3,강북구,2022-09-01,298622.0,-1108.0
3,강북구,2022-10-01,298261.0,-361.0
3,강북구,2022-11-01,297963.0,-298.0
3,강북구,2022-12-01,297702.0,-261.0
3,강북구,2023-01-01,297391.0,-311.0
3,강북구,2023-02-01,297265.0,-126.0
3,강북구,2023-03-01,296934.0,-331.0
3,강북구,2023-04-01,296635.0,-299.0
3,강북구,2023-05-01,296280.0,-355.0
3,강북구,2023-06-01,295773.0,-507.0
3,강북구,2023-07-01,295457.0,-316.0
3,강북구,2023-08-01,295146.0,-311.0
3,강북구,2023-09-01,294804.0,-342.0
3,강북구,2023-10-01,294117.0,-687.0
3,강북구,2023-11-01,293573.0,-544.0
3,강북구,2023-12-01,292977.0,-596.0
3,강북구,2024-01-01,292383.0,-594.0
3,강북구,2024-02-01,291954.0,-429.0
3,강북구,2024-03-01,291372.0,-582.0
3,강북구,2024-04-01,290909.0,-463.0
3,강북구,2024-05-01,290671.0,-238.0
3,강북구,2024-06-01,290252.0,-419.0
3,강북구,2024-07-01,289827.0,-425.0
3,강북구,2024-08-01,289513.0,-314.0
3,강북구,2024-09-01,289678.0,165.0
3,강북구,2024-10-01,289751.0,73.0
3,강북구,2024-11-01,289599.0,-152.0
3,강북구,2024-12-01,289374.0,-225.0
3,강북구,2025-01-01,289127.0,-247.0
3,강북구,2025-02-01,289078.0,-49.0
3,강북구,2025-03-01,288797.0,-281.0
4,강서구,2021-04-01,583046.0,242.0
4,강서구,2021-05-01,582950.0,-96.0
4,강서구,2021-06-01,582995.0,45.0
4,강서구,2021-07-01,582544.0,-451.0
4,강서구,2021-08-01,581777.0,-767.0
4,강서구,2021-09-01,581265.0,-512.0
4,강서구,2021-10-01,580743.0,-522.0
4,강서구,2021-11-01,580231.0,-512.0
4,강서구,2021-12-01,579768.0,-463.0
4,강서구,2022-01-01,579439.0,-329.0
4,강서구,2022-02-01,578967.0,-472.0
4,강서구,2022-03-01,578426.0,-541.0
4,강서구,2022-04-01,578056.0,-370.0
4,강서구,2022-05-01,578385.0,329.0
4,강서구,2022-06-01,578465.0,80.0
4,강서구,2022-07-01,578233.0,-232.0
4,강서구,2022-08-01,577713.0,-520.0
4,강서구,2022-09-01,575813.0,-1900.0
4,강서구,2022-10-01,575456.0,-357.0
4,강서구,2022-11-01,574929.0,-527.0
4,강서구,2022-12-01,574638.0,-291.0
4,강서구,2023-01-01,574230.0,-408.0
4,강서구,2023-02-01,574062.0,-168.0
4,강서구,2023-03-01,573711.0,-351.0
4,강서구,2023-04-01,573334.0,-377.0
4,강서구,2023-05-01,572748.0,-586.0
4,강서구,2023-06-01,572382.0,-366.0
4,강서구,2023-07-01,571913.0,-469.0
4,강서구,2023-08-01,570856.0,-1057.0
4,강서구,2023-09-01,569978.0,-878.0
4,강서구,2023-10-01,569336.0,-642.0
4,강서구,2023-11-01,569325.0,-11.0
4,강서구,2023-12-01,568826.0,-499.0
4,강서구,2024-01-01,568332.0,-494.0
4,강서구,2024-02-01,567851.0,-481.0
4,강서구,2024-03-01,567159.0,-692.0
4,강서구,2024-04-01,566463.0,-696.0
4,강서구,2024-05-01,565870.0,-593.0
4,강서구,2024-06-01,565133.0,-737.0
4,강서구,2024-07-01,564485.0,-648.0
4,강서구,2024-08-01,563852.0,-633.0
4,강서구,2024-09-01,563515.0,-337.0
4,강서구,2024-10-01,563544.0,29.0
4,강서구,2024-11-01,563035.0,-509.0
4,강서구,2024-12-01,562194.0,-841.0
4,강서구,2025-01-01,561591.0,-603.0
4,강서구,2025-02-01,560640.0,-951.0
4,강서구,2025-03-01,560094.0,-546.0
5,관악구,2021-04-01,503490.0,-650.0
5,관악구,2021-05-01,503171.0,-319.0
5,관악구,2021-06-01,502698.0,-473.0
5,관악구,2021-07-01,502278.0,-420.0
5,관악구,2021-08-01,501872.0,-406.0
5,관악구,2021-09-01,501572.0,-300.0
5,관악구,2021-10-01,501304.0,-268.0
5,관악구,2021-11-01,500354.0,-950.0
5,관악구,2021-12-01,499449.0,-905.0
5,관악구,2022-01-01,499374.0,-75.0
5,관악구,2022-02-01,499846.0,472.0
5,관악구,2022-03-01,500336.0,490.0
5,관악구,2022-04-01,500390.0,54.0
5,관악구,2022-05-01,500669.0,279.0
5,관악구,2022-06-01,500841.0,172.0
5,관악구,2022-07-01,501094.0,253.0
5,관악구,2022-08-01,501482.0,388.0
5,관악구,2022-09-01,500750.0,-732.0
5,관악구,2022-10-01,501484.0,734.0
5,관악구,2022-11-01,501466.0,-18.0
5,관악구,2022-12-01,501226.0,-240.0
5,관악구,2023-01-01,501423.0,197.0
5,관악구,2023-02-01,501998.0,575.0
5,관악구,2023-03-01,502628.0,630.0
5,관악구,2023-04-01,502699.0,71.0
5,관악구,2023-05-01,502631.0,-68.0
5,관악구,2023-06-01,502430.0,-201.0
5,관악구,2023-07-01,501827.0,-603.0
5,관악구,2023-08-01,501093.0,-734.0
5,관악구,2023-09-01,500582.0,-511.0
5,관악구,2023-10-01,499677.0,-905.0
5,관악구,2023-11-01,498545.0,-1132.0
5,관악구,2023-12-01,497883.0,-662.0
5,관악구,2024-01-01,497757.0,-126.0
5,관악구,2024-02-01,497449.0,-308.0
5,관악구,2024-03-01,497827.0,378.0
5,관악구,2024-04-01,497938.0,111.0
5,관악구,2024-05-01,497738.0,-200.0
5,관악구,2024-06-01,497632.0,-106.0
5,관악구,2024-07-01,497137.0,-495.0
5,관악구,2024-08-01,496611.0,-526.0
5,관악구,2024-09-01,496469.0,-142.0
5,관악구,2024-10-01,496205.0,-264.0
5,관악구,2024-11-01,495804.0,-401.0
5,관악구,2024-12-01,495620.0,-184.0
5,관악구,2025-01-01,495812.0,192.0
5,관악구,2025-02-01,496542.0,730.0
5,관악구,2025-03-01,497213.0,671.0
6,광진구,2021-04-01,355820.0,-371.0
6,광진구,2021-05-01,355662.0,-158.0
6,광진구,2021-06-01,355306.0,-356.0
6,광진구,2021-07-01,354875.0,-431.0
6,광진구,2021-08-01,353937.0,-938.0
6,광진구,2021-09-01,353380.0,-557.0
6,광진구,2021-10-01,353003.0,-377.0
6,광진구,2021-11-01,353047.0,44.0
6,광진구,2021-12-01,352627.0,-420.0
6,광진구,2022-01-01,352624.0,-3.0
6,광진구,2022-02-01,352980.0,356.0
6,광진구,2022-03-01,353110.0,130.0
6,광진구,2022-04-01,353214.0,104.0
6,광진구,2022-05-01,352903.0,-311.0
6,광진구,2022-06-01,352796.0,-107.0
6,광진구,2022-07-01,352877.0,81.0
6,광진구,2022-08-01,352292.0,-585.0
6,광진구,2022-09-01,351073.0,-1219.0
6,광진구,2022-10-01,350723.0,-350.0
6,광진구,2022-11-01,351433.0,710.0
6,광진구,2022-12-01,351252.0,-181.0
6,광진구,2023-01-01,351183.0,-69.0
6,광진구,2023-02-01,350820.0,-363.0
6,광진구,2023-03-01,350925.0,105.0
6,광진구,2023-04-01,351038.0,113.0
6,광진구,2023-05-01,351137.0,99.0
6,광진구,2023-06-01,350820.0,-317.0
6,광진구,2023-07-01,350817.0,-3.0
6,광진구,2023-08-01,351006.0,189.0
6,광진구,2023-09-01,351959.0,953.0
6,광진구,2023-10-01,351808.0,-151.0
6,광진구,2023-11-01,351412.0,-396.0
6,광진구,2023-12-01,351180.0,-232.0
6,광진구,2024-01-01,350952.0,-228.0
6,광진구,2024-02-01,350454.0,-498.0
6,광진구,2024-03-01,350925.0,471.0
6,광진구,2024-04-01,350624.0,-301.0
6,광진구,2024-05-01,350175.0,-449.0
6,광진구,2024-06-01,350005.0,-170.0
6,광진구,2024-07-01,349682.0,-323.0
6,광진구,2024-08-01,349192.0,-490.0
6,광진구,2024-09-01,349307.0,115.0
6,광진구,2024-10-01,349067.0,-240.0
6,광진구,2024-11-01,349171.0,104.0
6,광진구,2024-12-01,348652.0,-519.0
6,광진구,2025-01-01,348315.0,-337.0
6,광진구,2025-02-01,347843.0,-472.0
6,광진구,2025-03-01,348660.0,817.0
7,구로구,2021-04-01,425854.0,-821.0
7,구로구,2021-05-01,425573.0,-281.0
7,구로구,2021-06-01,424582.0,-991.0
7,구로구,2021-07-01,424036.0,-546.0
7,구로구,2021-08-01,422949.0,-1087.0
7,구로구,2021-09-01,422361.0,-588.0
7,구로구,2021-10-01,421996.0,-365.0
7,구로구,2021-11-01,421576.0,-420.0
7,구로구,2021-12-01,421163.0,-413.0
7,구로구,2022-01-01,420754.0,-409.0
7,구로구,2022-02-01,420326.0,-428.0
7,구로구,2022-03-01,419984.0,-342.0
7,구로구,2022-04-01,419505.0,-479.0
7,구로구,2022-05-01,419085.0,-420.0
7,구로구,2022-06-01,418709.0,-376.0
7,구로구,2022-07-01,418421.0,-288.0
7,구로구,2022-08-01,417796.0,-625.0
7,구로구,2022-09-01,416570.0,-1226.0
7,구로구,2022-10-01,417500.0,930.0
7,구로구,2022-11-01,417891.0,391.0
7,구로구,2022-12-01,418418.0,527.0
7,구로구,2023-01-01,418518.0,100.0
7,구로구,2023-02-01,418282.0,-236.0
7,구로구,2023-03-01,417983.0,-299.0
7,구로구,2023-04-01,417953.0,-30.0
7,구로구,2023-05-01,417876.0,-77.0
7,구로구,2023-06-01,417774.0,-102.0
7,구로구,2023-07-01,417749.0,-25.0
7,구로구,2023-08-01,417355.0,-394.0
7,구로구,2023-09-01,416815.0,-540.0
7,구로구,2023-10-01,416403.0,-412.0
7,구로구,2023-11-01,416160.0,-243.0
7,구로구,2023-12-01,415651.0,-509.0
7,구로구,2024-01-01,415489.0,-162.0
7,구로구,2024-02-01,414694.0,-795.0
7,구로구,2024-03-01,414271.0,-423.0
7,구로구,2024-04-01,413790.0,-481.0
7,구로구,2024-05-01,413471.0,-319.0
7,구로구,2024-06-01,413099.0,-372.0
7,구로구,2024-07-01,412877.0,-222.0
7,구로구,2024-08-01,412587.0,-290.0
7,구로구,2024-09-01,412441.0,-146.0
7,구로구,2024-10-01,412162.0,-279.0
7,구로구,2024-11-01,412026.0,-136.0
7,구로구,2024-12-01,411916.0,-110.0
7,구로구,2025-01-01,411400.0,-516.0
7,구로구,2025-02-01,410878.0,-522.0
7,구로구,2025-03-01,410727.0,-151.0
8,금천구,2021-04-01,244273.0,-291.0
8,금천구,2021-05-01,244535.0,262.0
8,금천구,2021-06-01,244685.0,150.0
8,금천구,2021-07-01,245171.0,486.0
8,금천구,2021-08-01,245119.0,-52.0
8,금천구,2021-09-01,244887.0,-232.0
8,금천구,2021-10-01,244912.0,25.0
8,금천구,2021-11-01,244953.0,41.0
8,금천구,2021-12-01,244891.0,-62.0
8,금천구,2022-01-01,244905.0,14.0
8,금천구,2022-02-01,244779.0,-126.0
8,금천구,2022-03-01,244901.0,122.0
8,금천구,2022-04-01,244931.0,30.0
8,금천구,2022-05-01,245148.0,217.0
8,금천구,2022-06-01,245231.0,83.0
8,금천구,2022-07-01,245067.0,-164.0
8,금천구,2022-08-01,244816.0,-251.0
8,금천구,2022-09-01,243872.0,-944.0
8,금천구,2022-10-01,243444.0,-428.0
8,금천구,2022-11-01,243113.0,-331.0
8,금천구,2022-12-01,242818.0,-295.0
8,금천구,2023-01-01,242614.0,-204.0
8,금천구,2023-02-01,242503.0,-111.0
8,금천구,2023-03-01,242467.0,-36.0
8,금천구,2023-04-01,242553.0,86.0
8,금천구,2023-05-01,242512.0,-41.0
8,금천구,2023-06-01,242567.0,55.0
8,금천구,2023-07-01,242514.0,-53.0
8,금천구,2023-08-01,242323.0,-191.0
8,금천구,2023-09-01,242076.0,-247.0
8,금천구,2023-10-01,241778.0,-298.0
8,금천구,2023-11-01,241360.0,-418.0
8,금천구,2023-12-01,241105.0,-255.0
8,금천구,2024-01-01,241050.0,-55.0
8,금천구,2024-02-01,240799.0,-251.0
8,금천구,2024-03-01,240680.0,-119.0
8,금천구,2024-04-01,240425.0,-255.0
8,금천구,2024-05-01,240319.0,-106.0
8,금천구,2024-06-01,240153.0,-166.0
8,금천구,2024-07-01,240089.0,-64.0
8,금천구,2024-08-01,239818.0,-271.0
8,금천구,2024-09-01,239577.0,-241.0
8,금천구,2024-10-01,239515.0,-62.0
8,금천구,2024-11-01,239219.0,-296.0
8,금천구,2024-12-01,239070.0,-149.0
8,금천구,2025-01-01,238849.0,-221.0
8,금천구,2025-02-01,238413.0,-436.0
8,금천구,2025-03-01,238431.0,18.0
9,노원구,2021-04-01,521438.0,-787.0
9,노원구,2021-05-01,520615.0,-823.0
9,노원구,2021-06-01,520005.0,-610.0
9,노원구,2021-07-01,519223.0,-782.0
9,노원구,2021-08-01,517992.0,-1231.0
9,노원구,2021-09-01,517038.0,-954.0
9,노원구,2021-10-01,516158.0,-880.0
9,노원구,2021-11-01,515396.0,-762.0
9,노원구,2021-12-01,514946.0,-450.0
9,노원구,2022-01-01,514831.0,-115.0
9,노원구,2022-02-01,514480.0,-351.0
9,노원구,2022-03-01,514445.0,-35.0
9,노원구,2022-04-01,513740.0,-705.0
9,노원구,2022-05-01,512971.0,-769.0
9,노원구,2022-06-01,512162.0,-809.0
9,노원구,2022-07-01,511696.0,-466.0
9,노원구,2022-08-01,511154.0,-542.0
9,노원구,2022-09-01,509686.0,-1468.0
9,노원구,2022-10-01,509265.0,-421.0
9,노원구,2022-11-01,508899.0,-366.0
9,노원구,2022-12-01,508014.0,-885.0
9,노원구,2023-01-01,507179.0,-835.0
9,노원구,2023-02-01,507104.0,-75.0
9,노원구,2023-03-01,506989.0,-115.0
9,노원구,2023-04-01,506359.0,-630.0
9,노원구,2023-05-01,505780.0,-579.0
9,노원구,2023-06-01,504641.0,-1139.0
9,노원구,2023-07-01,504651.0,10.0
9,노원구,2023-08-01,504405.0,-246.0
9,노원구,2023-09-01,504423.0,18.0
9,노원구,2023-10-01,504297.0,-126.0
9,노원구,2023-11-01,503734.0,-563.0
9,노원구,2023-12-01,502925.0,-809.0
9,노원구,2024-01-01,502027.0,-898.0
9,노원구,2024-02-01,501735.0,-292.0
9,노원구,2024-03-01,501727.0,-8.0
9,노원구,2024-04-01,501292.0,-435.0
9,노원구,2024-05-01,500747.0,-545.0
9,노원구,2024-06-01,500045.0,-702.0
9,노원구,2024-07-01,499461.0,-584.0
9,노원구,2024-08-01,498752.0,-709.0
9,노원구,2024-09-01,498358.0,-394.0
9,노원구,2024-10-01,497427.0,-931.0
9,노원구,2024-11-01,497389.0,-38.0
9,노원구,2024-12-01,496552.0,-837.0
9,노원구,2025-01-01,495736.0,-816.0
9,노원구,2025-02-01,494981.0,-755.0
9,노원구,2025-03-01,495111.0,130.0
10,도봉구,2021-04-01,323280.0,-472.0
10,도봉구,2021-05-01,322745.0,-535.0
10,도봉구,2021-06-01,322419.0,-326.0
10,도봉구,2021-07-01,321924.0,-495.0
10,도봉구,2021-08-01,321182.0,-742.0
10,도봉구,2021-09-01,320711.0,-471.0
10,도봉구,2021-10-01,320346.0,-365.0
10,도봉구,2021-11-01,319988.0,-358.0
10,도봉구,2021-12-01,319373.0,-615.0
10,도봉구,2022-01-01,319168.0,-205.0
10,도봉구,2022-02-01,318648.0,-520.0
10,도봉구,2022-03-01,318100.0,-548.0
10,도봉구,2022-04-01,317591.0,-509.0
10,도봉구,2022-05-01,317245.0,-346.0
10,도봉구,2022-06-01,316916.0,-329.0
10,도봉구,2022-07-01,316798.0,-118.0
10,도봉구,2022-08-01,315946.0,-852.0
10,도봉구,2022-09-01,314884.0,-1062.0
10,도봉구,2022-10-01,314583.0,-301.0
10,도봉구,2022-11-01,314327.0,-256.0
10,도봉구,2022-12-01,313989.0,-338.0
10,도봉구,2023-01-01,313548.0,-441.0
10,도봉구,2023-02-01,313137.0,-411.0
10,도봉구,2023-03-01,312858.0,-279.0
10,도봉구,2023-04-01,312362.0,-496.0
10,도봉구,2023-05-01,311994.0,-368.0
10,도봉구,2023-06-01,311386.0,-608.0
10,도봉구,2023-07-01,310869.0,-517.0
10,도봉구,2023-08-01,310378.0,-491.0
10,도봉구,2023-09-01,310133.0,-245.0
10,도봉구,2023-10-01,309946.0,-187.0
10,도봉구,2023-11-01,309575.0,-371.0
10,도봉구,2023-12-01,309494.0,-81.0
10,도봉구,2024-01-01,309258.0,-236.0
10,도봉구,2024-02-01,309046.0,-212.0
10,도봉구,2024-03-01,308864.0,-182.0
10,도봉구,2024-04-01,308636.0,-228.0
10,도봉구,2024-05-01,308257.0,-379.0
10,도봉구,2024-06-01,308060.0,-197.0
10,도봉구,2024-07-01,307784.0,-276.0
10,도봉구,2024-08-01,307329.0,-455.0
10,도봉구,2024-09-01,306926.0,-403.0
10,도봉구,2024-10-01,306694.0,-232.0
10,도봉구,2024-11-01,306264.0,-430.0
10,도봉구,2024-12-01,306032.0,-232.0
10,도봉구,2025-01-01,305882.0,-150.0
10,도봉구,2025-02-01,305527.0,-355.0
10,도봉구,2025-03-01,305391.0,-136.0
11,동대문구,2021-04-01,352591.0,21.0
11,동대문구,2021-05-01,352498.0,-93.0
11,동대문구,2021-06-01,352259.0,-239.0
11,동대문구,2021-07-01,351737.0,-522.0
11,동대문구,2021-08-01,351469.0,-268.0
11,동대문구,2021-09-01,351626.0,157.0
11,동대문구,2021-10-01,351904.0,278.0
11,동대문구,2021-11-01,352386.0,482.0
11,동대문구,2021-12-01,352006.0,-380.0
11,동대문구,2022-01-01,351792.0,-214.0
11,동대문구,2022-02-01,352070.0,278.0
11,동대문구,2022-03-01,352592.0,522.0
11,동대문구,2022-04-01,352666.0,74.0
11,동대문구,2022-05-01,352756.0,90.0
11,동대문구,2022-06-01,352743.0,-13.0
11,동대문구,2022-07-01,352591.0,-152.0
11,동대문구,2022-08-01,352676.0,85.0
11,동대문구,2022-09-01,353181.0,505.0
11,동대문구,2022-10-01,353823.0,642.0
11,동대문구,2022-11-01,354455.0,632.0
11,동대문구,2022-12-01,353601.0,-854.0
11,동대문구,2023-01-01,353218.0,-383.0
11,동대문구,2023-02-01,353869.0,651.0
11,동대문구,2023-03-01,354884.0,1015.0
11,동대문구,2023-04-01,355244.0,360.0
11,동대문구,2023-05-01,355405.0,161.0
11,동대문구,2023-06-01,355667.0,262.0
11,동대문구,2023-07-01,355931.0,264.0
11,동대문구,2023-08-01,357393.0,1462.0
11,동대문구,2023-09-01,359113.0,1720.0
11,동대문구,2023-10-01,360031.0,918.0
11,동대문구,2023-11-01,360398.0,367.0
11,동대문구,2023-12-01,359873.0,-525.0
11,동대문구,2024-01-01,359484.0,-389.0
11,동대문구,2024-02-01,359456.0,-28.0
11,동대문구,2024-03-01,360211.0,755.0
11,동대문구,2024-04-01,360472.0,261.0
11,동대문구,2024-05-01,360527.0,55.0
11,동대문구,2024-06-01,360066.0,-461.0
11,동대문구,2024-07-01,359543.0,-523.0
11,동대문구,2024-08-01,358926.0,-617.0
11,동대문구,2024-09-01,359219.0,293.0
11,동대문구,2024-10-01,359706.0,487.0
11,동대문구,2024-11-01,359702.0,-4.0
11,동대문구,2024-12-01,358603.0,-1099.0
11,동대문구,2025-01-01,358482.0,-121.0
11,동대문구,2025-02-01,359946.0,1464.0
11,동대문구,2025-03-01,361950.0,2004.0
12,동작구,2021-04-01,398310.0,105.0
12,동작구,2021-05-01,397960.0,-350.0
12,동작구,2021-06-01,397231.0,-729.0
12,동작구,2021-07-01,397009.0,-222.0
12,동작구,2021-08-01,396560.0,-449.0
12,동작구,2021-09-01,396122.0,-438.0
12,동작구,2021-10-01,395023.0,-1099.0
12,동작구,2021-11-01,395130.0,107.0
12,동작구,2021-12-01,394364.0,-766.0
12,동작구,2022-01-01,394325.0,-39.0
12,동작구,2022-02-01,394135.0,-190.0
12,동작구,2022-03-01,394649.0,514.0
12,동작구,2022-04-01,395098.0,449.0
12,동작구,2022-05-01,394941.0,-157.0
12,동작구,2022-06-01,395030.0,89.0
12,동작구,2022-07-01,394843.0,-187.0
12,동작구,2022-08-01,394300.0,-543.0
12,동작구,2022-09-01,392628.0,-1672.0
12,동작구,2022-10-01,392162.0,-466.0
12,동작구,2022-11-01,391610.0,-552.0
12,동작구,2022-12-01,390432.0,-1178.0
12,동작구,2023-01-01,389818.0,-614.0
12,동작구,2023-02-01,389322.0,-496.0
12,동작구,2023-03-01,390377.0,1055.0
12,동작구,2023-04-01,390570.0,193.0
12,동작구,2023-05-01,390917.0,347.0
12,동작구,2023-06-01,390843.0,-74.0
12,동작구,2023-07-01,390785.0,-58.0
12,동작구,2023-08-01,390630.0,-155.0
12,동작구,2023-09-01,390740.0,110.0
12,동작구,2023-10-01,390580.0,-160.0
12,동작구,2023-11-01,390207.0,-373.0
12,동작구,2023-12-01,389714.0,-493.0
12,동작구,2024-01-01,389278.0,-436.0
12,동작구,2024-02-01,388877.0,-401.0
12,동작구,2024-03-01,389576.0,699.0
12,동작구,2024-04-01,390032.0,456.0
12,동작구,2024-05-01,389735.0,-297.0
12,동작구,2024-06-01,389541.0,-194.0
12,동작구,2024-07-01,389003.0,-538.0
12,동작구,2024-08-01,388084.0,-919.0
12,동작구,2024-09-01,387792.0,-292.0
12,동작구,2024-10-01,387590.0,-202.0
12,동작구,2024-11-01,387988.0,398.0
12,동작구,2024-12-01,387352.0,-636.0
12,동작구,2025-01-01,387106.0,-246.0
12,동작구,2025-02-01,386941.0,-165.0
12,동작구,2025-03-01,386897.0,-44.0
13,마포구,2021-04-01,379506.0,1290.0
13,마포구,2021-05-01,380015.0,509.0
13,마포구,2021-06-01,379984.0,-31.0
13,마포구,2021-07-01,379826.0,-158.0
13,마포구,2021-08-01,379591.0,-235.0
13,마포구,2021-09-01,379525.0,-66.0
13,마포구,2021-10-01,379670.0,145.0
13,마포구,2021-11-01,379455.0,-215.0
13,마포구,2021-12-01,378686.0,-769.0
13,마포구,2022-01-01,378526.0,-160.0
13,마포구,2022-02-01,378458.0,-68.0
13,마포구,2022-03-01,378629.0,171.0
13,마포구,2022-04-01,378403.0,-226.0
13,마포구,2022-05-01,378311.0,-92.0
13,마포구,2022-06-01,378290.0,-21.0
13,마포구,2022-07-01,378096.0,-194.0
13,마포구,2022-08-01,377602.0,-494.0
13,마포구,2022-09-01,376062.0,-1540.0
13,마포구,2022-10-01,375457.0,-605.0
13,마포구,2022-11-01,375517.0,60.0
13,마포구,2022-12-01,375585.0,68.0
13,마포구,2023-01-01,375821.0,236.0
13,마포구,2023-02-01,376183.0,362.0
13,마포구,2023-03-01,376542.0,359.0
13,마포구,2023-04-01,376615.0,73.0
13,마포구,2023-05-01,376612.0,-3.0
13,마포구,2023-06-01,376285.0,-327.0
13,마포구,2023-07-01,376000.0,-285.0
13,마포구,2023-08-01,375521.0,-479.0
13,마포구,2023-09-01,375639.0,118.0
13,마포구,2023-10-01,375429.0,-210.0
13,마포구,2023-11-01,375459.0,30.0
13,마포구,2023-12-01,375162.0,-297.0
13,마포구,2024-01-01,375038.0,-124.0
13,마포구,2024-02-01,374555.0,-483.0
13,마포구,2024-03-01,374962.0,407.0
13,마포구,2024-04-01,374626.0,-336.0
13,마포구,2024-05-01,374697.0,71.0
13,마포구,2024-06-01,373980.0,-717.0
13,마포구,2024-07-01,373764.0,-216.0
13,마포구,2024-08-01,373322.0,-442.0
13,마포구,2024-09-01,373874.0,552.0
13,마포구,2024-10-01,373378.0,-496.0
13,마포구,2024-11-01,373343.0,-35.0
13,마포구,2024-12-01,372745.0,-598.0
13,마포구,2025-01-01,372220.0,-525.0
13,마포구,2025-02-01,371665.0,-555.0
13,마포구,2025-03-01,371852.0,187.0
14,서대문구,2021-04-01,318550.0,-264.0
14,서대문구,2021-05-01,318094.0,-456.0
14,서대문구,2021-06-01,317699.0,-395.0
14,서대문구,2021-07-01,317258.0,-441.0
14,서대문구,2021-08-01,316787.0,-471.0
14,서대문구,2021-09-01,316415.0,-372.0
14,서대문구,2021-10-01,317031.0,616.0
14,서대문구,2021-11-01,316944.0,-87.0
14,서대문구,2021-12-01,315659.0,-1285.0
14,서대문구,2022-01-01,315923.0,264.0
14,서대문구,2022-02-01,316473.0,550.0
14,서대문구,2022-03-01,317075.0,602.0
14,서대문구,2022-04-01,317792.0,717.0
14,서대문구,2022-05-01,317814.0,22.0
14,서대문구,2022-06-01,317515.0,-299.0
14,서대문구,2022-07-01,317421.0,-94.0
14,서대문구,2022-08-01,317731.0,310.0
14,서대문구,2022-09-01,317159.0,-572.0
14,서대문구,2022-10-01,318372.0,1213.0
14,서대문구,2022-11-01,319347.0,975.0
14,서대문구,2022-12-01,319554.0,207.0
14,서대문구,2023-01-01,320301.0,747.0
14,서대문구,2023-02-01,320887.0,586.0
14,서대문구,2023-03-01,321966.0,1079.0
14,서대문구,2023-04-01,322470.0,504.0
14,서대문구,2023-05-01,322360.0,-110.0
14,서대문구,2023-06-01,321726.0,-634.0
14,서대문구,2023-07-01,321087.0,-639.0
14,서대문구,2023-08-01,320638.0,-449.0
14,서대문구,2023-09-01,321379.0,741.0
14,서대문구,2023-10-01,321780.0,401.0
14,서대문구,2023-11-01,321556.0,-224.0
14,서대문구,2023-12-01,320629.0,-927.0
14,서대문구,2024-01-01,319936.0,-693.0
14,서대문구,2024-02-01,319499.0,-437.0
14,서대문구,2024-03-01,320378.0,879.0
14,서대문구,2024-04-01,320933.0,555.0
14,서대문구,2024-05-01,320549.0,-384.0
14,서대문구,2024-06-01,320010.0,-539.0
14,서대문구,2024-07-01,319403.0,-607.0
14,서대문구,2024-08-01,318456.0,-947.0
14,서대문구,2024-09-01,319749.0,1293.0
14,서대문구,2024-10-01,319806.0,57.0
14,서대문구,2024-11-01,319460.0,-346.0
14,서대문구,2024-12-01,318622.0,-838.0
14,서대문구,2025-01-01,317851.0,-771.0
14,서대문구,2025-02-01,316863.0,-988.0
14,서대문구,2025-03-01,318085.0,1222.0
15,서초구,2021-04-01,424123.0,-980.0
15,서초구,2021-05-01,422887.0,-1236.0
15,서초구,2021-06-01,422174.0,-713.0
15,서초구,2021-07-01,421983.0,-191.0
15,서초구,2021-08-01,421250.0,-733.0
15,서초구,2021-09-01,420045.0,-1205.0
15,서초구,2021-10-01,418942.0,-1103.0
15,서초구,2021-11-01,417226.0,-1716.0
15,서초구,2021-12-01,416167.0,-1059.0
15,서초구,2022-01-01,415402.0,-765.0
15,서초구,2022-02-01,414530.0,-872.0
15,서초구,2022-03-01,413677.0,-853.0
15,서초구,2022-04-01,412813.0,-864.0
15,서초구,2022-05-01,412036.0,-777.0
15,서초구,2022-06-01,411515.0,-521.0
15,서초구,2022-07-01,411213.0,-302.0
15,서초구,2022-08-01,410491.0,-722.0
15,서초구,2022-09-01,409025.0,-1466.0
15,서초구,2022-10-01,408924.0,-101.0
15,서초구,2022-11-01,408823.0,-101.0
15,서초구,2022-12-01,408451.0,-372.0
15,서초구,2023-01-01,408682.0,231.0
15,서초구,2023-02-01,409220.0,538.0
15,서초구,2023-03-01,408979.0,-241.0
15,서초구,2023-04-01,408758.0,-221.0
15,서초구,2023-05-01,408725.0,-33.0
15,서초구,2023-06-01,408753.0,28.0
15,서초구,2023-07-01,408968.0,215.0
15,서초구,2023-08-01,408900.0,-68.0
15,서초구,2023-09-01,410766.0,1866.0
15,서초구,2023-10-01,412151.0,1385.0
15,서초구,2023-11-01,412495.0,344.0
15,서초구,2023-12-01,412078.0,-417.0
15,서초구,2024-01-01,412178.0,100.0
15,서초구,2024-02-01,412363.0,185.0
15,서초구,2024-03-01,412275.0,-88.0
15,서초구,2024-04-01,412073.0,-202.0
15,서초구,2024-05-01,411829.0,-244.0
15,서초구,2024-06-01,411959.0,130.0
15,서초구,2024-07-01,412147.0,188.0
15,서초구,2024-08-01,412455.0,308.0
15,서초구,2024-09-01,412611.0,156.0
15,서초구,2024-10-01,413228.0,617.0
15,서초구,2024-11-01,413061.0,-167.0
15,서초구,2024-12-01,413076.0,15.0
15,서초구,2025-01-01,413009.0,-67.0
15,서초구,2025-02-01,412980.0,-29.0
15,서초구,2025-03-01,412715.0,-265.0
16,성동구,2021-04-01,298230.0,-191.0
16,성동구,2021-05-01,296306.0,-1924.0
16,성동구,2021-06-01,295767.0,-539.0
16,성동구,2021-07-01,295269.0,-498.0
16,성동구,2021-08-01,294614.0,-655.0
16,성동구,2021-09-01,294140.0,-474.0
16,성동구,2021-10-01,293854.0,-286.0
16,성동구,2021-11-01,293413.0,-441.0
16,성동구,2021-12-01,292672.0,-741.0
16,성동구,2022-01-01,292158.0,-514.0
16,성동구,2022-02-01,291594.0,-564.0
16,성동구,2022-03-01,291609.0,15.0
16,성동구,2022-04-01,291428.0,-181.0
16,성동구,2022-05-01,291051.0,-377.0
16,성동구,2022-06-01,290664.0,-387.0
16,성동구,2022-07-01,290430.0,-234.0
16,성동구,2022-08-01,290274.0,-156.0
16,성동구,2022-09-01,288941.0,-1333.0
16,성동구,2022-10-01,288564.0,-377.0
16,성동구,2022-11-01,288574.0,10.0
16,성동구,2022-12-01,288234.0,-340.0
16,성동구,2023-01-01,287893.0,-341.0
16,성동구,2023-02-01,287447.0,-446.0
16,성동구,2023-03-01,287240.0,-207.0
16,성동구,2023-04-01,287261.0,21.0
16,성동구,2023-05-01,286951.0,-310.0
16,성동구,2023-06-01,286564.0,-387.0
16,성동구,2023-07-01,286266.0,-298.0
16,성동구,2023-08-01,285653.0,-613.0
16,성동구,2023-09-01,285543.0,-110.0
16,성동구,2023-10-01,285462.0,-81.0
16,성동구,2023-11-01,285108.0,-354.0
16,성동구,2023-12-01,284766.0,-342.0
16,성동구,2024-01-01,284385.0,-381.0
16,성동구,2024-02-01,283850.0,-535.0
16,성동구,2024-03-01,284258.0,408.0
16,성동구,2024-04-01,284141.0,-117.0
16,성동구,2024-05-01,284004.0,-137.0
16,성동구,2024-06-01,283853.0,-151.0
16,성동구,2024-07-01,283334.0,-519.0
16,성동구,2024-08-01,282705.0,-629.0
16,성동구,2024-09-01,282385.0,-320.0
16,성동구,2024-10-01,282436.0,51.0
16,성동구,2024-11-01,281874.0,-562.0
16,성동구,2024-12-01,281289.0,-585.0
16,성동구,2025-01-01,281104.0,-185.0
16,성동구,2025-02-01,280749.0,-355.0
16,성동구,2025-03-01,281062.0,313.0
17,성북구,2021-04-01,443999.0,-296.0
17,성북구,2021-05-01,443585.0,-414.0
17,성북구,2021-06-01,443206.0,-379.0
17,성북구,2021-07-01,442695.0,-511.0
17,성북구,2021-08-01,441849.0,-846.0
17,성북구,2021-09-01,441717.0,-132.0
17,성북구,2021-10-01,441668.0,-49.0
17,성북구,2021-11-01,441369.0,-299.0
17,성북구,2021-12-01,440142.0,-1227.0
17,성북구,2022-01-01,439647.0,-495.0
17,성북구,2022-02-01,441336.0,1689.0
17,성북구,2022-03-01,442680.0,1344.0
17,성북구,2022-04-01,443529.0,849.0
17,성북구,2022-05-01,443835.0,306.0
17,성북구,2022-06-01,443823.0,-12.0
17,성북구,2022-07-01,443895.0,72.0
17,성북구,2022-08-01,443664.0,-231.0
17,성북구,2022-09-01,442596.0,-1068.0
17,성북구,2022-10-01,442981.0,385.0
17,성북구,2022-11-01,442810.0,-171.0
17,성북구,2022-12-01,441984.0,-826.0
17,성북구,2023-01-01,441559.0,-425.0
17,성북구,2023-02-01,441586.0,27.0
17,성북구,2023-03-01,441855.0,269.0
17,성북구,2023-04-01,441853.0,-2.0
17,성북구,2023-05-01,441788.0,-65.0
17,성북구,2023-06-01,441065.0,-723.0
17,성북구,2023-07-01,440305.0,-760.0
17,성북구,2023-08-01,439711.0,-594.0
17,성북구,2023-09-01,440089.0,378.0
17,성북구,2023-10-01,439486.0,-603.0
17,성북구,2023-11-01,439071.0,-415.0
17,성북구,2023-12-01,438168.0,-903.0
17,성북구,2024-01-01,437321.0,-847.0
17,성북구,2024-02-01,436615.0,-706.0
17,성북구,2024-03-01,436901.0,286.0
17,성북구,2024-04-01,437188.0,287.0
17,성북구,2024-05-01,436962.0,-226.0
17,성북구,2024-06-01,436666.0,-296.0
17,성북구,2024-07-01,436063.0,-603.0
17,성북구,2024-08-01,435431.0,-632.0
17,성북구,2024-09-01,435492.0,61.0
17,성북구,2024-10-01,435724.0,232.0
17,성북구,2024-11-01,435838.0,114.0
17,성북구,2024-12-01,435037.0,-801.0
17,성북구,2025-01-01,434121.0,-916.0
17,성북구,2025-02-01,433541.0,-580.0
17,성북구,2025-03-01,433569.0,28.0
18,송파구,2021-04-01,665856.0,-1259.0
18,송파구,2021-05-01,665134.0,-722.0
18,송파구,2021-06-01,664341.0,-793.0
18,송파구,2021-07-01,663738.0,-603.0
18,송파구,2021-08-01,664608.0,870.0
18,송파구,2021-09-01,664996.0,388.0
18,송파구,2021-10-01,664861.0,-135.0
18,송파구,2021-11-01,664441.0,-420.0
18,송파구,2021-12-01,663965.0,-476.0
18,송파구,2022-01-01,664527.0,562.0
18,송파구,2022-02-01,667134.0,2607.0
18,송파구,2022-03-01,668261.0,1127.0
18,송파구,2022-04-01,668661.0,400.0
18,송파구,2022-05-01,668641.0,-20.0
18,송파구,2022-06-01,668638.0,-3.0
18,송파구,2022-07-01,668758.0,120.0
18,송파구,2022-08-01,668269.0,-489.0
18,송파구,2022-09-01,665847.0,-2422.0
18,송파구,2022-10-01,665437.0,-410.0
18,송파구,2022-11-01,665070.0,-367.0
18,송파구,2022-12-01,664514.0,-556.0
18,송파구,2023-01-01,664320.0,-194.0
18,송파구,2023-02-01,664553.0,233.0
18,송파구,2023-03-01,663704.0,-849.0
18,송파구,2023-04-01,663367.0,-337.0
18,송파구,2023-05-01,662971.0,-396.0
18,송파구,2023-06-01,662872.0,-99.0
18,송파구,2023-07-01,662395.0,-477.0
18,송파구,2023-08-01,661932.0,-463.0
18,송파구,2023-09-01,661515.0,-417.0
18,송파구,2023-10-01,661069.0,-446.0
18,송파구,2023-11-01,660672.0,-397.0
18,송파구,2023-12-01,660025.0,-647.0
18,송파구,2024-01-01,659963.0,-62.0
18,송파구,2024-02-01,659858.0,-105.0
18,송파구,2024-03-01,659661.0,-197.0
18,송파구,2024-04-01,659355.0,-306.0
18,송파구,2024-05-01,659077.0,-278.0
18,송파구,2024-06-01,658768.0,-309.0
18,송파구,2024-07-01,658360.0,-408.0
18,송파구,2024-08-01,657859.0,-501.0
18,송파구,2024-09-01,657991.0,132.0
18,송파구,2024-10-01,658532.0,541.0
18,송파구,2024-11-01,658128.0,-404.0
18,송파구,2024-12-01,656310.0,-1818.0
18,송파구,2025-01-01,655272.0,-1038.0
18,송파구,2025-02-01,654662.0,-610.0
18,송파구,2025-03-01,654127.0,-535.0
19,양천구,2021-04-01,455444.0,-575.0
19,양천구,2021-05-01,454849.0,-595.0
19,양천구,2021-06-01,454288.0,-561.0
19,양천구,2021-07-01,453718.0,-570.0
19,양천구,2021-08-01,452854.0,-864.0
19,양천구,2021-09-01,452255.0,-599.0
19,양천구,2021-10-01,451844.0,-411.0
19,양천구,2021-11-01,451249.0,-595.0
19,양천구,2021-12-01,450487.0,-762.0
19,양천구,2022-01-01,450097.0,-390.0
19,양천구,2022-02-01,449674.0,-423.0
19,양천구,2022-03-01,449378.0,-296.0
19,양천구,2022-04-01,448866.0,-512.0
19,양천구,2022-05-01,448122.0,-744.0
19,양천구,2022-06-01,447738.0,-384.0
19,양천구,2022-07-01,447376.0,-362.0
19,양천구,2022-08-01,446989.0,-387.0
19,양천구,2022-09-01,445270.0,-1719.0
19,양천구,2022-10-01,444853.0,-417.0
19,양천구,2022-11-01,444653.0,-200.0
19,양천구,2022-12-01,444010.0,-643.0
19,양천구,2023-01-01,443764.0,-246.0
19,양천구,2023-02-01,443160.0,-604.0
19,양천구,2023-03-01,442345.0,-815.0
19,양천구,2023-04-01,441987.0,-358.0
19,양천구,2023-05-01,441802.0,-185.0
19,양천구,2023-06-01,441517.0,-285.0
19,양천구,2023-07-01,441296.0,-221.0
19,양천구,2023-08-01,440840.0,-456.0
19,양천구,2023-09-01,440591.0,-249.0
19,양천구,2023-10-01,440395.0,-196.0
19,양천구,2023-11-01,439702.0,-693.0
19,양천구,2023-12-01,439252.0,-450.0
19,양천구,2024-01-01,438768.0,-484.0
19,양천구,2024-02-01,438533.0,-235.0
19,양천구,2024-03-01,437774.0,-759.0
19,양천구,2024-04-01,437217.0,-557.0
19,양천구,2024-05-01,436855.0,-362.0
19,양천구,2024-06-01,436595.0,-260.0
19,양천구,2024-07-01,436307.0,-288.0
19,양천구,2024-08-01,436064.0,-243.0
19,양천구,2024-09-01,435867.0,-197.0
19,양천구,2024-10-01,435509.0,-358.0
19,양천구,2024-11-01,434979.0,-530.0
19,양천구,2024-12-01,434351.0,-628.0
19,양천구,2025-01-01,434007.0,-344.0
19,양천구,2025-02-01,433467.0,-540.0
19,양천구,2025-03-01,432901.0,-566.0
20,영등포구,2021-04-01,402990.0,-80.0
20,영등포구,2021-05-01,402863.0,-127.0
20,영등포구,2021-06-01,402375.0,-488.0
20,영등포구,2021-07-01,402266.0,-109.0
20,영등포구,2021-08-01,402178.0,-88.0
20,영등포구,2021-09-01,401814.0,-364.0
20,영등포구,2021-10-01,401676.0,-138.0
20,영등포구,2021-11-01,401142.0,-534.0
20,영등포구,2021-12-01,400908.0,-234.0
20,영등포구,2022-01-01,400839.0,-69.0
20,영등포구,2022-02-01,400581.0,-258.0
20,영등포구,2022-03-01,400241.0,-340.0
20,영등포구,2022-04-01,399965.0,-276.0
20,영등포구,2022-05-01,399743.0,-222.0
20,영등포구,2022-06-01,399722.0,-21.0
20,영등포구,2022-07-01,399789.0,67.0
20,영등포구,2022-08-01,400230.0,441.0
20,영등포구,2022-09-01,398938.0,-1292.0
20,영등포구,2022-10-01,398392.0,-546.0
20,영등포구,2022-11-01,398225.0,-167.0
20,영등포구,2022-12-01,398085.0,-140.0
20,영등포구,2023-01-01,398487.0,402.0
20,영등포구,2023-02-01,398657.0,170.0
20,영등포구,2023-03-01,398999.0,342.0
20,영등포구,2023-04-01,398975.0,-24.0
20,영등포구,2023-05-01,399019.0,44.0
20,영등포구,2023-06-01,398842.0,-177.0
20,영등포구,2023-07-01,398778.0,-64.0
20,영등포구,2023-08-01,398325.0,-453.0
20,영등포구,2023-09-01,398290.0,-35.0
20,영등포구,2023-10-01,398014.0,-276.0
20,영등포구,2023-11-01,397923.0,-91.0
20,영등포구,2023-12-01,397800.0,-123.0
20,영등포구,2024-01-01,397983.0,183.0
20,영등포구,2024-02-01,397808.0,-175.0
20,영등포구,2024-03-01,397942.0,134.0
20,영등포구,2024-04-01,397830.0,-112.0
20,영등포구,2024-05-01,397819.0,-11.0
20,영등포구,2024-06-01,397771.0,-48.0
20,영등포구,2024-07-01,397821.0,50.0
20,영등포구,2024-08-01,397569.0,-252.0
20,영등포구,2024-09-01,397514.0,-55.0
20,영등포구,2024-10-01,397302.0,-212.0
20,영등포구,2024-11-01,397442.0,140.0
20,영등포구,2024-12-01,397173.0,-269.0
20,영등포구,2025-01-01,396817.0,-356.0
20,영등포구,2025-02-01,396688.0,-129.0
20,영등포구,2025-03-01,396834.0,146.0
21,용산구,2021-04-01,243142.0,-194.0
21,용산구,2021-05-01,241840.0,-1302.0
21,용산구,2021-06-01,240665.0,-1175.0
21,용산구,2021-07-01,240062.0,-603.0
21,용산구,2021-08-01,239056.0,-1006.0
21,용산구,2021-09-01,238300.0,-756.0
21,용산구,2021-10-01,238121.0,-179.0
21,용산구,2021-11-01,238020.0,-101.0
21,용산구,2021-12-01,237285.0,-735.0
21,용산구,2022-01-01,236799.0,-486.0
21,용산구,2022-02-01,236725.0,-74.0
21,용산구,2022-03-01,236518.0,-207.0
21,용산구,2022-04-01,236573.0,55.0
21,용산구,2022-05-01,236566.0,-7.0
21,용산구,2022-06-01,236632.0,66.0
21,용산구,2022-07-01,236541.0,-91.0
21,용산구,2022-08-01,236507.0,-34.0
21,용산구,2022-09-01,233734.0,-2773.0
21,용산구,2022-10-01,233696.0,-38.0
21,용산구,2022-11-01,233652.0,-44.0
21,용산구,2022-12-01,233284.0,-368.0
21,용산구,2023-01-01,233040.0,-244.0
21,용산구,2023-02-01,232804.0,-236.0
21,용산구,2023-03-01,232482.0,-322.0
21,용산구,2023-04-01,232311.0,-171.0
21,용산구,2023-05-01,232258.0,-53.0
21,용산구,2023-06-01,232069.0,-189.0
21,용산구,2023-07-01,231700.0,-369.0
21,용산구,2023-08-01,231072.0,-628.0
21,용산구,2023-09-01,230692.0,-380.0
21,용산구,2023-10-01,229611.0,-1081.0
21,용산구,2023-11-01,228505.0,-1106.0
21,용산구,2023-12-01,227106.0,-1399.0
21,용산구,2024-01-01,226081.0,-1025.0
21,용산구,2024-02-01,224809.0,-1272.0
21,용산구,2024-03-01,223433.0,-1376.0
21,용산구,2024-04-01,221508.0,-1925.0
21,용산구,2024-05-01,219943.0,-1565.0
21,용산구,2024-06-01,219451.0,-492.0
21,용산구,2024-07-01,218823.0,-628.0
21,용산구,2024-08-01,218541.0,-282.0
21,용산구,2024-09-01,218370.0,-171.0
21,용산구,2024-10-01,217775.0,-595.0
21,용산구,2024-11-01,217470.0,-305.0
21,용산구,2024-12-01,217194.0,-276.0
21,용산구,2025-01-01,216982.0,-212.0
21,용산구,2025-02-01,216686.0,-296.0
21,용산구,2025-03-01,216537.0,-149.0
22,은평구,2021-04-01,478922.0,-685.0
22,은평구,2021-05-01,479217.0,295.0
22,은평구,2021-06-01,479409.0,192.0
22,은평구,2021-07-01,478983.0,-426.0
22,은평구,2021-08-01,478331.0,-652.0
22,은평구,2021-09-01,477961.0,-370.0
22,은평구,2021-10-01,477250.0,-711.0
22,은평구,2021-11-01,477356.0,106.0
22,은평구,2021-12-01,477173.0,-183.0
22,은평구,2022-01-01,476978.0,-195.0
22,은평구,2022-02-01,476465.0,-513.0
22,은평구,2022-03-01,476013.0,-452.0
22,은평구,2022-04-01,476886.0,873.0
22,은평구,2022-05-01,477455.0,569.0
22,은평구,2022-06-01,477460.0,5.0
22,은평구,2022-07-01,477343.0,-117.0
22,은평구,2022-08-01,476789.0,-554.0
22,은평구,2022-09-01,474124.0,-2665.0
22,은평구,2022-10-01,472841.0,-1283.0
22,은평구,2022-11-01,471717.0,-1124.0
22,은평구,2022-12-01,470602.0,-1115.0
22,은평구,2023-01-01,470099.0,-503.0
22,은평구,2023-02-01,469489.0,-610.0
22,은평구,2023-03-01,468766.0,-723.0
22,은평구,2023-04-01,468157.0,-609.0
22,은평구,2023-05-01,467582.0,-575.0
22,은평구,2023-06-01,467295.0,-287.0
22,은평구,2023-07-01,467705.0,410.0
22,은평구,2023-08-01,469991.0,2286.0
22,은평구,2023-09-01,471155.0,1164.0
22,은평구,2023-10-01,471199.0,44.0
22,은평구,2023-11-01,471073.0,-126.0
22,은평구,2023-12-01,470869.0,-204.0
22,은평구,2024-01-01,470640.0,-229.0
22,은평구,2024-02-01,470221.0,-419.0
22,은평구,2024-03-01,470185.0,-36.0
22,은평구,2024-04-01,469870.0,-315.0
22,은평구,2024-05-01,469516.0,-354.0
22,은평구,2024-06-01,468976.0,-540.0
22,은평구,2024-07-01,468289.0,-687.0
22,은평구,2024-08-01,467536.0,-753.0
22,은평구,2024-09-01,466809.0,-727.0
22,은평구,2024-10-01,466131.0,-678.0
22,은평구,2024-11-01,465453.0,-678.0
22,은평구,2024-12-01,465350.0,-103.0
22,은평구,2025-01-01,465152.0,-198.0
22,은평구,2025-02-01,464783.0,-369.0
22,은평구,2025-03-01,464466.0,-317.0
23,종로구,2021-04-01,156325.0,-242.0
23,종로구,2021-05-01,155584.0,-741.0
23,종로구,2021-06-01,155106.0,-478.0
23,종로구,2021-07-01,154596.0,-510.0
23,종로구,2021-08-01,154369.0,-227.0
23,종로구,2021-09-01,154318.0,-51.0
23,종로구,2021-10-01,154215.0,-103.0
23,종로구,2021-11-01,154302.0,87.0
23,종로구,2021-12-01,153789.0,-513.0
23,종로구,2022-01-01,153656.0,-133.0
23,종로구,2022-02-01,153805.0,149.0
23,종로구,2022-03-01,153684.0,-121.0
23,종로구,2022-04-01,153596.0,-88.0
23,종로구,2022-05-01,153513.0,-83.0
23,종로구,2022-06-01,153255.0,-258.0
23,종로구,2022-07-01,153246.0,-9.0
23,종로구,2022-08-01,153349.0,103.0
23,종로구,2022-09-01,151999.0,-1350.0
23,종로구,2022-10-01,152403.0,404.0
23,종로구,2022-11-01,152537.0,134.0
23,종로구,2022-12-01,152211.0,-326.0
23,종로구,2023-01-01,151998.0,-213.0
23,종로구,2023-02-01,152167.0,169.0
23,종로구,2023-03-01,152212.0,45.0
23,종로구,2023-04-01,152013.0,-199.0
23,종로구,2023-05-01,151745.0,-268.0
23,종로구,2023-06-01,151349.0,-396.0
23,종로구,2023-07-01,151112.0,-237.0
23,종로구,2023-08-01,150804.0,-308.0
23,종로구,2023-09-01,151127.0,323.0
23,종로구,2023-10-01,150677.0,-450.0
23,종로구,2023-11-01,150699.0,22.0
23,종로구,2023-12-01,150453.0,-246.0
23,종로구,2024-01-01,150351.0,-102.0
23,종로구,2024-02-01,150285.0,-66.0
23,종로구,2024-03-01,150550.0,265.0
23,종로구,2024-04-01,150447.0,-103.0
23,종로구,2024-05-01,150443.0,-4.0
23,종로구,2024-06-01,150204.0,-239.0
23,종로구,2024-07-01,150044.0,-160.0
23,종로구,2024-08-01,149779.0,-265.0
23,종로구,2024-09-01,150011.0,232.0
23,종로구,2024-10-01,149824.0,-187.0
23,종로구,2024-11-01,149943.0,119.0
23,종로구,2024-12-01,149608.0,-335.0
23,종로구,2025-01-01,149397.0,-211.0
23,종로구,2025-02-01,149374.0,-23.0
23,종로구,2025-03-01,149478.0,104.0
24,중구,2021-04-01,133717.0,9.0
24,중구,2021-05-01,132399.0,-1318.0
24,중구,2021-06-01,132259.0,-140.0
24,중구,2021-07-01,132126.0,-133.0
24,중구,2021-08-01,131924.0,-202.0
24,중구,2021-09-01,131943.0,19.0
24,중구,2021-10-01,131985.0,42.0
24,중구,2021-11-01,132030.0,45.0
24,중구,2021-12-01,131787.0,-243.0
24,중구,2022-01-01,131651.0,-136.0
24,중구,2022-02-01,131424.0,-227.0
24,중구,2022-03-01,131450.0,26.0
24,중구,2022-04-01,131549.0,99.0
24,중구,2022-05-01,131678.0,129.0
24,중구,2022-06-01,131673.0,-5.0
24,중구,2022-07-01,131702.0,29.0
24,중구,2022-08-01,131528.0,-174.0
24,중구,2022-09-01,130764.0,-764.0
24,중구,2022-10-01,130722.0,-42.0
24,중구,2022-11-01,131002.0,280.0
24,중구,2022-12-01,130785.0,-217.0
24,중구,2023-01-01,130693.0,-92.0
24,중구,2023-02-01,130862.0,169.0
24,중구,2023-03-01,131390.0,528.0
24,중구,2023-04-01,131772.0,382.0
24,중구,2023-05-01,131998.0,226.0
24,중구,2023-06-01,132054.0,56.0
24,중구,2023-07-01,132035.0,-19.0
24,중구,2023-08-01,131941.0,-94.0
24,중구,2023-09-01,131825.0,-116.0
24,중구,2023-10-01,131770.0,-55.0
24,중구,2023-11-01,131873.0,103.0
24,중구,2023-12-01,131793.0,-80.0
24,중구,2024-01-01,131781.0,-12.0
24,중구,2024-02-01,131681.0,-100.0
24,중구,2024-03-01,131812.0,131.0
24,중구,2024-04-01,131886.0,74.0
24,중구,2024-05-01,131963.0,77.0
24,중구,2024-06-01,131800.0,-163.0
24,중구,2024-07-01,131757.0,-43.0
24,중구,2024-08-01,131626.0,-131.0
24,중구,2024-09-01,131589.0,-37.0
24,중구,2024-10-01,131603.0,14.0
24,중구,2024-11-01,131678.0,75.0
24,중구,2024-12-01,131214.0,-464.0
24,중구,2025-01-01,130931.0,-283.0
24,중구,2025-02-01,130737.0,-194.0
24,중구,2025-03-01,130418.0,-319.0
25,중랑구,2021-04-01,396278.0,-529.0
25,중랑구,2021-05-01,395241.0,-1037.0
25,중랑구,2021-06-01,394679.0,-562.0
25,중랑구,2021-07-01,394099.0,-580.0
25,중랑구,2021-08-01,393519.0,-580.0
25,중랑구,2021-09-01,393149.0,-370.0
25,중랑구,2021-10-01,392774.0,-375.0
25,중랑구,2021-11-01,392209.0,-565.0
25,중랑구,2021-12-01,391885.0,-324.0
25,중랑구,2022-01-01,392127.0,242.0
25,중랑구,2022-02-01,393151.0,1024.0
25,중랑구,2022-03-01,393600.0,449.0
25,중랑구,2022-04-01,393532.0,-68.0
25,중랑구,2022-05-01,393361.0,-171.0
25,중랑구,2022-06-01,393147.0,-214.0
25,중랑구,2022-07-01,392990.0,-157.0
25,중랑구,2022-08-01,392535.0,-455.0
25,중랑구,2022-09-01,391110.0,-1425.0
25,중랑구,2022-10-01,390698.0,-412.0
25,중랑구,2022-11-01,390414.0,-284.0
25,중랑구,2022-12-01,390140.0,-274.0
25,중랑구,2023-01-01,389953.0,-187.0
25,중랑구,2023-02-01,390018.0,65.0
25,중랑구,2023-03-01,389928.0,-90.0
25,중랑구,2023-04-01,389815.0,-113.0
25,중랑구,2023-05-01,389627.0,-188.0
25,중랑구,2023-06-01,389316.0,-311.0
25,중랑구,2023-07-01,388741.0,-575.0
25,중랑구,2023-08-01,388179.0,-562.0
25,중랑구,2023-09-01,387940.0,-239.0
25,중랑구,2023-10-01,387578.0,-362.0
25,중랑구,2023-11-01,387111.0,-467.0
25,중랑구,2023-12-01,387470.0,359.0
25,중랑구,2024-01-01,387670.0,200.0
25,중랑구,2024-02-01,387727.0,57.0
25,중랑구,2024-03-01,387433.0,-294.0
25,중랑구,2024-04-01,387193.0,-240.0
25,중랑구,2024-05-01,387106.0,-87.0
25,중랑구,2024-06-01,386782.0,-324.0
25,중랑구,2024-07-01,386610.0,-172.0
25,중랑구,2024-08-01,386351.0,-259.0
25,중랑구,2024-09-01,386131.0,-220.0
25,중랑구,2024-10-01,385835.0,-296.0
25,중랑구,2024-11-01,385531.0,-304.0
25,중랑구,2024-12-01,385349.0,-182.0
25,중랑구,2025-01-01,385085.0,-264.0
25,중랑구,2025-02-01,384535.0,-550.0
25,중랑구,2025-03-01,384320.0,-215.0
